#{"t_start": 1746533236.6577878, "env_id": "Pendulum-v1"}
r,l,t
-1590.828253,200,0.093339
-1552.892128,200,0.18203
-1072.662145,200,0.270466
-1334.269638,200,0.360295
-960.216991,200,0.448608
-909.128445,200,0.537265
-940.51878,200,0.624886
-1188.090807,200,0.712214
-1527.686583,200,0.799712
-1073.437001,200,0.887653
-896.342602,200,1.629402
-925.696899,200,1.718488
-958.043258,200,1.804057
-913.636068,200,1.889946
-870.758846,200,1.976449
-1177.15572,200,2.062791
-994.926938,200,2.151034
-894.429676,200,2.239298
-787.894652,200,2.327517
-882.685501,200,2.4148
-1565.612574,200,3.154789
-882.345527,200,3.241826
-1488.772607,200,3.328852
-1555.907212,200,3.418267
-999.952351,200,3.506578
-1227.47626,200,3.595586
-989.538875,200,3.68673
-1309.707038,200,3.774304
-1187.262462,200,3.861688
-632.220151,200,3.95019
-999.06703,200,4.691384
-1124.656065,200,4.777967
-1312.455768,200,4.864612
-1105.157485,200,4.951465
-1022.426842,200,5.03847
-1104.853108,200,5.125286
-878.229822,200,5.213313
-849.715226,200,5.30001
-786.953581,200,5.386937
-856.237908,200,5.473155
-1304.716556,200,6.225366
-895.763812,200,6.312602
-909.192919,200,6.400694
-1012.031327,200,6.487022
-1365.629674,200,6.573141
-1201.64269,200,6.660207
-907.730678,200,6.746102
-1301.843006,200,6.83222
-1823.421854,200,6.918799
-878.835357,200,7.006683
-1279.659429,200,7.093218
-1528.132121,200,7.835528
-1312.787008,200,7.922113
-1053.020558,200,8.008605
-868.043132,200,8.095285
-928.840565,200,8.183446
-857.987433,200,8.270244
-1708.807764,200,8.356877
-972.735734,200,8.443442
-1051.379548,200,8.530455
-1522.019054,200,8.617561
-1093.772044,200,9.373577
-904.458968,200,9.463564
-978.631777,200,9.552806
-995.653728,200,9.642102
-1315.681756,200,9.731045
-901.39056,200,9.82014
-1055.176296,200,9.910181
-1263.785628,200,10.001117
-1098.331702,200,10.090547
-1067.419403,200,10.179752
-1089.907911,200,10.922242
-961.027619,200,11.009689
-1174.294217,200,11.096749
-1213.053759,200,11.185075
-1326.862416,200,11.271759
-1195.151486,200,11.358759
-1051.718494,200,11.445431
-1022.741073,200,11.531665
-1011.47118,200,11.618021
-961.593131,200,11.704621
-1201.48728,200,12.453447
-758.993961,200,12.542997
-1109.701286,200,12.631897
-1085.431227,200,12.720898
-1166.439633,200,12.809714
-893.27631,200,12.898086
-1229.273378,200,12.987615
-1078.079898,200,13.076104
-1019.059687,200,13.16394
-1010.928658,200,13.252115
-889.733088,200,13.341289
-887.865323,200,14.090064
-1762.401808,200,14.180727
-1598.401004,200,14.270424
-1285.009059,200,14.360683
-1129.814531,200,14.450364
-1278.165946,200,14.540245
-1080.585353,200,14.629707
-1256.051211,200,14.719666
-1558.63283,200,14.811642
-1209.71787,200,14.901325
-1525.232324,200,15.647356
-1563.842386,200,15.736483
-1077.666723,200,15.825671
-886.195564,200,15.914795
-1025.53215,200,16.004923
-810.379706,200,16.093609
-881.97688,200,16.181974
-1074.222904,200,16.270912
-859.29916,200,16.360429
-1025.489405,200,16.449828
-1096.480438,200,17.20952
-996.510754,200,17.298681
-977.939969,200,17.388067
-1083.186144,200,17.476995
-1527.079446,200,17.566317
-1034.459435,200,17.655182
-884.848247,200,17.744658
-1431.541203,200,17.834877
-1468.838606,200,17.923003
-935.994843,200,18.011089
-1419.473332,200,18.755123
-1314.602535,200,18.844162
-1026.095603,200,18.93229
-965.005721,200,19.021683
-1346.270285,200,19.109882
-959.24664,200,19.198192
-1179.97152,200,19.287072
-971.290253,200,19.375775
-1457.547503,200,19.464765
-892.05627,200,19.555362
-1097.666983,200,19.644515
-1432.447201,200,20.393614
-1061.477901,200,20.481277
-1179.114432,200,20.569815
-979.104287,200,20.658475
-895.531395,200,20.747814
-1620.21831,200,20.837282
-1321.238851,200,20.924736
-1284.93311,200,21.012836
-752.765299,200,21.099968
-1084.318872,200,21.18742
-975.765624,200,21.945543
-1017.059665,200,22.034883
-1014.733713,200,22.123147
-909.653034,200,22.211322
-871.271718,200,22.300662
-986.509833,200,22.390155
-862.384093,200,22.479039
-968.887477,200,22.57008
-1012.855618,200,22.65901
-1432.805837,200,22.747999
-1390.613344,200,23.489174
-963.849407,200,23.576641
-911.44905,200,23.664186
-1298.962353,200,23.752243
-745.941879,200,23.84384
-1076.120828,200,23.93068
-897.486033,200,24.017844
-1218.335356,200,24.104483
-894.399912,200,24.191525
-1310.72152,200,24.278709
-1086.857029,200,25.019949
-1091.600909,200,25.107342
-847.557245,200,25.193687
-1207.96469,200,25.279936
-982.768844,200,25.366634
-1189.711516,200,25.453516
-745.527258,200,25.541216
-858.123613,200,25.629825
-883.19911,200,25.716504
-1724.400486,200,25.803328
-918.335234,200,25.893039
-1116.864129,200,26.6498
-1196.664004,200,26.737653
-1015.314446,200,26.825796
-888.288747,200,26.91222
-1049.112219,200,26.99834
-1069.486193,200,27.084867
-1295.532629,200,27.171119
-1077.179315,200,27.257059
-1073.481086,200,27.34497
-1237.538101,200,27.432335
-1368.081849,200,28.175834
-1021.2007,200,28.262736
-1368.767016,200,28.349458
-866.834447,200,28.435728
-1476.680905,200,28.523059
-1079.134851,200,28.611935
-949.207523,200,28.700158
-1082.946645,200,28.788156
-1080.204429,200,28.880913
-1000.53529,200,28.970629
-889.649747,200,29.738467
-1150.999609,200,29.826968
-1085.053503,200,29.917263
-859.288885,200,30.004147
-1013.2941,200,30.091286
-1122.253463,200,30.18011
-1175.161598,200,30.272193
-1055.080964,200,30.362063
-703.867943,200,30.450284
-1253.298342,200,30.53848
-876.612,200,31.294371
-1015.450731,200,31.382702
-982.765497,200,31.471327
-871.907052,200,31.561667
-1088.959355,200,31.654343
-1222.803468,200,31.749042
-1168.562024,200,31.842797
-1211.859278,200,31.940357
-891.064426,200,32.035631
-1093.315808,200,32.134287
-1044.048688,200,32.230419
-1338.057436,200,32.9816
-1355.293702,200,33.072127
-1568.574908,200,33.162177
-1304.071395,200,33.251564
-1234.327791,200,33.34373
-1607.931284,200,33.432583
-863.645322,200,33.523663
-1517.558156,200,33.614103
-1057.042545,200,33.702999
-911.271223,200,33.799258
-1372.027394,200,34.597769
-1675.232572,200,34.686968
-973.417173,200,34.776545
-1561.483528,200,34.868438
-1068.160016,200,34.960925
-1210.447887,200,35.053042
-860.938615,200,35.143336
-1109.070678,200,35.232857
-953.104778,200,35.320918
-873.198301,200,35.411243
-656.087317,200,36.191535
-1391.711578,200,36.285075
-1253.590106,200,36.379064
-894.850888,200,36.471068
-1069.852839,200,36.564376
-1379.475003,200,36.65371
-1191.076828,200,36.746407
-905.525296,200,36.835941
-1367.372457,200,36.928062
-1181.025368,200,37.01798
-1308.11101,200,37.787896
-1539.541819,200,37.878074
-1767.826586,200,37.972245
-1271.28735,200,38.069931
-1192.096258,200,38.168234
-907.970516,200,38.263251
-862.058846,200,38.353132
-1187.917324,200,38.444882
-1573.021852,200,38.534506
-1480.662295,200,38.626662
-1520.357181,200,38.72084
-917.479892,200,39.470993
-1360.7306,200,39.564803
-1518.282495,200,39.657887
-1192.711992,200,39.751986
-1430.206737,200,39.846785
-882.938016,200,39.941516
-1228.160249,200,40.036678
-834.247065,200,40.130717
-1450.251888,200,40.225176
-1269.858359,200,40.318676
-1572.229205,200,41.119201
-972.69453,200,41.212467
-660.542559,200,41.307067
-1702.574317,200,41.401186
-1124.426177,200,41.494516
-682.905169,200,41.58793
-862.509726,200,41.682143
-971.239656,200,41.775831
-882.638475,200,41.870323
-1214.922028,200,41.963989
-954.106782,200,42.785083
-1508.17524,200,42.8862
-1548.397974,200,42.987994
-1125.857769,200,43.089868
-938.033351,200,43.191143
-1391.108239,200,43.292771
-1354.839619,200,43.394131
-1694.859109,200,43.495236
-931.585044,200,43.596655
-1208.64979,200,43.69955
-1389.668579,200,44.48574
-1094.960301,200,44.584749
-1009.870698,200,44.683949
-1367.567181,200,44.782194
-1205.099182,200,44.880402
-1045.877301,200,44.976162
-1437.7809,200,45.073888
-1318.518462,200,45.172197
-755.12495,200,45.267863
-1419.321992,200,45.357275
-1049.626734,200,46.168862
-1068.904391,200,46.26423
-993.131724,200,46.360202
-856.354759,200,46.45543
-1258.588735,200,46.550309
-894.631184,200,46.646053
-1334.530321,200,46.739664
-1026.472462,200,46.825665
-1554.539095,200,46.915613
-1062.457132,200,47.002539
-999.942852,200,47.091128
-1489.770265,200,47.862254
-857.051641,200,47.963359
-1376.183971,200,48.064986
-1205.646013,200,48.166765
-940.612517,200,48.26771
-681.576968,200,48.369618
-1412.70973,200,48.47067
-1347.222463,200,48.564617
-1228.397531,200,48.657626
-1173.621704,200,48.750083
-1346.429059,200,49.498932
-1139.398987,200,49.591731
-1429.101174,200,49.696836
-968.625061,200,49.794555
-969.624313,200,49.891568
-1788.432993,200,49.98886
-695.509824,200,50.089856
-946.034644,200,50.186997
-1105.241635,200,50.28484
-992.482748,200,50.381353
-974.706174,200,51.158591
-1448.4447,200,51.25347
-898.753176,200,51.347514
-1234.894603,200,51.442498
-856.406688,200,51.537023
-1377.078019,200,51.631187
-827.306538,200,51.730154
-980.689846,200,51.829251
-1125.854858,200,51.929626
-1456.87319,200,52.028387
-989.243343,200,52.815732
-1708.519292,200,52.91234
-895.560024,200,53.007734
-1616.288309,200,53.102879
-1004.727266,200,53.200996
-1767.951391,200,53.296824
-1063.044172,200,53.392827
-1550.667638,200,53.490241
-1290.204715,200,53.586219
-1530.77721,200,53.68204
-882.108518,200,53.777336
-888.564567,200,54.544178
-1022.546085,200,54.637871
-1092.245959,200,54.731351
-1292.296303,200,54.826557
-1509.88528,200,54.924343
-1674.496291,200,55.020412
-1502.968077,200,55.114273
-1389.883513,200,55.20893
-909.203762,200,55.305123
-749.899044,200,55.401125
-984.816428,200,56.173699
-874.033264,200,56.272152
-1531.129628,200,56.369045
-1435.067652,200,56.46519
-1029.54747,200,56.561743
-870.228472,200,56.66067
-1208.891451,200,56.75813
-864.824756,200,56.85432
-1072.578978,200,56.950398
-929.955869,200,57.046891
-921.705984,200,57.850092
-1090.266468,200,57.946387
-1000.962086,200,58.042147
-1211.591689,200,58.137347
-768.322342,200,58.23161
-985.35755,200,58.330783
-994.890772,200,58.425772
-1525.453968,200,58.519728
-1583.458441,200,58.612211
-1225.26134,200,58.703791
-1098.833927,200,59.467438
-1216.657749,200,59.556663
-856.921416,200,59.65089
-1073.396197,200,59.739983
-1098.203453,200,59.829106
-1598.847358,200,59.917726
-1430.239153,200,60.011968
-899.101898,200,60.107424
-964.403537,200,60.19883
-1230.660674,200,60.287933
-1017.463369,200,60.377621
-1287.906618,200,61.138555
-1187.831778,200,61.224871
-1192.297746,200,61.311711
-766.185787,200,61.399056
-1011.618863,200,61.487332
-1118.541039,200,61.57819
-1222.958664,200,61.673968
-1281.435573,200,61.766979
-1275.349652,200,61.856618
-1243.362196,200,61.945924
-1122.114146,200,62.683916
-1836.694811,200,62.776158
-1320.591279,200,62.864491
-1585.657911,200,62.954169
-1810.180199,200,63.043136
-1121.531994,200,63.132623
-867.507886,200,63.220646
-1310.045122,200,63.308553
-984.954584,200,63.395817
-1112.488109,200,63.483343
-1356.326546,200,64.228182
-1112.544549,200,64.318103
-866.479455,200,64.406794
-1101.062234,200,64.495606
-1078.948446,200,64.58447
-828.812475,200,64.675549
-911.170635,200,64.76465
-1703.569866,200,64.85617
-1128.76703,200,64.945885
-1484.622718,200,65.035655
-1000.604163,200,65.780781
-1585.787716,200,65.876229
-1131.446725,200,65.972063
-1031.3916,200,66.061344
-1430.272802,200,66.149769
-1052.166049,200,66.240642
-916.725664,200,66.328381
-859.585574,200,66.415781
-1092.315026,200,66.503088
-1330.319128,200,66.590989
-999.309863,200,66.678982
-1113.415682,200,67.422261
-732.920497,200,67.509162
-878.795926,200,67.596203
-876.603881,200,67.684255
-1303.401052,200,67.772947
-755.271605,200,67.8607
-988.307602,200,67.952133
-1394.386998,200,68.041816
-889.07403,200,68.130176
-999.74871,200,68.222116
-875.873944,200,68.980831
-1090.778194,200,69.073112
-855.390607,200,69.163665
-1208.875026,200,69.256381
-988.179463,200,69.356172
-1512.742371,200,69.453797
-779.704761,200,69.5514
-844.309704,200,69.649089
-884.563516,200,69.746186
-880.108029,200,69.84391
-876.805962,200,70.657876
-1048.709199,200,70.757002
-887.016079,200,70.854818
-793.583545,200,70.945058
-1154.412962,200,71.034796
-920.954726,200,71.125321
-891.539111,200,71.215251
-757.292081,200,71.303828
-1533.447201,200,71.392396
-1165.746191,200,71.48075
-1159.266372,200,72.230896
-870.97007,200,72.320708
-1008.359962,200,72.410897
-721.518598,200,72.499995
-1177.478988,200,72.588569
-792.165517,200,72.679147
-892.244553,200,72.770547
-735.981232,200,72.860376
-1053.543764,200,72.951298
-1382.719373,200,73.039603
-1053.973155,200,73.128415
-1145.897762,200,73.876625
-962.076198,200,73.966263
-1131.317178,200,74.056292
-1328.424474,200,74.145528
-868.803665,200,74.23507
-956.488621,200,74.323753
-1047.936996,200,74.412593
-1207.516937,200,74.501199
-989.13816,200,74.589566
-759.630536,200,74.679148
-1429.707149,200,75.474473
-990.269519,200,75.568069
-1166.363203,200,75.666387
-720.632638,200,75.765133
-1008.508799,200,75.859719
-987.578205,200,75.951131
-1449.46025,200,76.045461
-899.080832,200,76.141709
-1190.191987,200,76.239536
-1576.858925,200,76.337635
-1437.775288,200,77.129808
-1131.968941,200,77.216568
-980.436277,200,77.304358
-802.223673,200,77.391976
-1143.587492,200,77.479016
-910.871113,200,77.567466
-1005.11095,200,77.654573
-877.044942,200,77.74202
-771.771723,200,77.829773
-1498.558192,200,77.917361
-772.97584,200,78.709678
-921.397591,200,78.799936
-997.369719,200,78.889478
-1138.483681,200,78.979696
-815.274975,200,79.068969
-989.225762,200,79.157227
-985.690945,200,79.251057
-1610.229583,200,79.344245
-1440.780048,200,79.437429
-985.908745,200,79.526579
-1062.990507,200,79.624656
-991.556873,200,80.394333
-1157.511842,200,80.492179
-1143.490081,200,80.585828
-804.696662,200,80.680786
-751.375111,200,80.772899
-1126.829339,200,80.86777
-870.346446,200,80.961757
-869.92737,200,81.055116
-1322.511308,200,81.148862
-1022.119103,200,81.241299
-862.448979,200,82.010704
-1136.013981,200,82.103804
-761.270709,200,82.19786
-897.487952,200,82.29142
-996.407926,200,82.38553
-995.776172,200,82.478584
-880.753841,200,82.57021
-1299.256907,200,82.663061
-1132.304401,200,82.755188
-1289.424805,200,82.84865
-750.264295,200,83.633091
-1054.168525,200,83.723876
-1025.45607,200,83.81477
-878.858495,200,83.904665
-918.041966,200,83.995422
-967.207806,200,84.085951
-902.465737,200,84.177056
-887.766406,200,84.267405
-1030.691982,200,84.361341
-941.43292,200,84.451745
-940.802729,200,85.205321
-1112.369627,200,85.29847
-868.031195,200,85.393075
-860.201313,200,85.487167
-1043.105866,200,85.581222
-900.912108,200,85.673321
-1259.501236,200,85.76643
-894.892184,200,85.858815
-1191.022531,200,85.951707
-1474.317163,200,86.045794
-1045.894271,200,86.823907
-878.707742,200,86.921763
-1209.453848,200,87.016627
-1124.071312,200,87.110561
-1097.087386,200,87.20078
-771.089745,200,87.295029
-1202.299204,200,87.392834
-965.069923,200,87.490911
-915.135794,200,87.588736
-1223.407525,200,87.686748
-860.293204,200,87.784909
-693.744236,200,88.626606
-1140.157386,200,88.722867
-1313.63029,200,88.818204
-1155.332097,200,88.914849
-771.682154,200,89.008137
-902.551075,200,89.10232
-903.916184,200,89.200805
-991.139863,200,89.291003
-1273.480612,200,89.381293
-917.930647,200,89.47088
-880.02945,200,90.219702
-878.522505,200,90.317583
-749.990923,200,90.413658
-753.759012,200,90.510555
-1231.384281,200,90.606315
-1025.111448,200,90.701055
-1141.933026,200,90.797523
-1251.772625,200,90.892401
-1316.530309,200,90.994226
-1533.053516,200,91.083861
-1301.187568,200,91.845685
-876.521433,200,91.933217
-1209.237974,200,92.020055
-918.10105,200,92.10846
-961.477941,200,92.199609
-900.17557,200,92.292523
-1109.797056,200,92.388377
-879.145093,200,92.482574
-972.800792,200,92.575485
-1340.337255,200,92.668606
-906.782415,200,93.450299
-1222.276753,200,93.545439
-1169.562228,200,93.64276
-1002.537963,200,93.738916
-996.577829,200,93.838272
-1194.535076,200,93.935013
-921.661778,200,94.031689
-1272.132577,200,94.131117
-749.381571,200,94.227226
-886.036552,200,94.321694
-1128.469579,200,94.416134
-653.14121,200,95.265763
-1362.47001,200,95.357939
-1000.646863,200,95.448388
-1347.296193,200,95.537122
-724.99122,200,95.626533
-868.101145,200,95.716696
-766.466059,200,95.806332
-777.354478,200,95.895628
-788.909024,200,95.98537
-1228.59764,200,96.074125
-1085.871781,200,96.813549
-1030.178485,200,96.900442
-1194.67169,200,96.986907
-1194.475603,200,97.074112
-991.970832,200,97.161891
-1015.61465,200,97.250461
-758.19227,200,97.340692
-1017.507522,200,97.430089
-893.806194,200,97.518934
-970.675601,200,97.606779
-1305.62588,200,98.371323
-1209.903165,200,98.46117
-1051.577339,200,98.548105
-880.819049,200,98.634238
-1037.207995,200,98.720395
-1227.084806,200,98.807341
-703.055429,200,98.893403
-793.841423,200,98.979074
-918.709598,200,99.065391
-1231.164225,200,99.151859
-1030.158795,200,99.886307
-906.120619,200,99.972625
-1073.148959,200,100.058953
-1418.580568,200,100.145088
-783.777913,200,100.231274
-1563.917868,200,100.317528
-1275.473784,200,100.403814
-1004.10931,200,100.493851
-1127.224565,200,100.581805
-1303.240987,200,100.669957
-790.841549,200,100.758063
-1259.521472,200,101.52106
-1477.758323,200,101.61124
-1248.516825,200,101.701335
-1023.033924,200,101.789378
-993.841535,200,101.878909
-895.925435,200,101.968376
-1217.893927,200,102.057951
-1032.765226,200,102.145683
-1630.912796,200,102.234658
-1016.018903,200,102.324269
-988.726053,200,103.108173
-908.045388,200,103.198872
-1293.771036,200,103.28943
-1071.719453,200,103.383512
-1048.051579,200,103.475125
-922.194268,200,103.567003
-959.408124,200,103.657463
-996.675046,200,103.747097
-892.52049,200,103.837415
-1036.824706,200,103.927608
-1087.741655,200,104.685098
-908.087168,200,104.775663
-997.577364,200,104.866083
-1017.900569,200,104.954421
-1260.716741,200,105.041712
-1315.020996,200,105.128209
-931.929042,200,105.215647
-913.614976,200,105.30508
-805.617,200,105.401641
-1123.190848,200,105.496985
-889.703065,200,106.2817
-1057.762849,200,106.371608
-767.042136,200,106.461098
-1034.969832,200,106.550831
-1121.864093,200,106.642902
-1038.230399,200,106.742948
-953.506132,200,106.839979
-1092.346085,200,106.929439
-884.525176,200,107.022173
-1021.585652,200,107.111974
-906.032001,200,107.203849
-1242.016049,200,108.015514
-980.643109,200,108.102904
-1051.13605,200,108.191308
-1038.947299,200,108.27993
-1060.625215,200,108.367993
-881.221678,200,108.45612
-1005.158227,200,108.548184
-890.981771,200,108.638197
-1038.119412,200,108.733007
-1020.777503,200,108.827324
-879.094071,200,109.644164
-1119.817446,200,109.742327
-1045.477155,200,109.840848
-917.749143,200,109.934507
-896.387942,200,110.025819
-880.071312,200,110.119729
-920.31601,200,110.210953
-1303.761007,200,110.302303
-1284.585249,200,110.393189
-1361.166762,200,110.482756
-1024.315786,200,111.255542
-995.284159,200,111.348317
-801.657572,200,111.437468
-726.672827,200,111.532107
-869.426108,200,111.631981
-1059.290932,200,111.72769
-917.46781,200,111.816776
-871.31139,200,111.908605
-916.178255,200,111.998442
-914.88659,200,112.088433
-755.565887,200,112.838345
-1427.739826,200,112.927649
-974.853108,200,113.016745
-892.987793,200,113.112863
-903.218377,200,113.212622
-765.770975,200,113.31221
-757.150144,200,113.403791
-1206.432155,200,113.493959
-872.000503,200,113.586727
-903.275985,200,113.676561
-760.226069,200,113.765918
-880.656456,200,114.511435
-1159.150699,200,114.602871
-1044.309672,200,114.692994
-1422.386978,200,114.785077
-912.58449,200,114.875614
-1227.182292,200,114.968187
-756.998367,200,115.059707
-893.030418,200,115.151514
-875.846008,200,115.244451
-1662.958892,200,115.332801
-908.595383,200,116.115741
-932.438072,200,116.211625
-1036.938598,200,116.308758
-903.940226,200,116.408956
-937.383149,200,116.507665
-1042.869724,200,116.598027
-897.816879,200,116.690156
-884.493937,200,116.781898
-880.02375,200,116.872058
-763.558116,200,116.96263
-906.276826,200,117.730187
-1206.275006,200,117.819964
-725.942214,200,117.917429
-896.355874,200,118.013691
-891.620657,200,118.109041
-1059.994657,200,118.197788
-909.115759,200,118.287141
-879.422598,200,118.374582
-893.473474,200,118.463004
-977.022897,200,118.5516
-1075.100096,200,119.312837
-936.878408,200,119.402101
-920.194703,200,119.491833
-1024.723424,200,119.581782
-766.90648,200,119.671847
-761.493907,200,119.762536
-781.344196,200,119.853056
-907.874323,200,119.942923
-1049.590277,200,120.032535
-892.397062,200,120.121875
-634.959061,200,120.21067
-863.28312,200,120.966753
-943.889014,200,121.055369
-1104.105319,200,121.14435
-888.192287,200,121.233382
-925.543407,200,121.32177
-897.438944,200,121.409732
-878.029772,200,121.497527
-734.900322,200,121.586258
-857.871265,200,121.675806
-1005.460983,200,121.765498
-907.975982,200,122.533497
-1042.408435,200,122.624173
-773.38647,200,122.71177
-886.290986,200,122.800481
-1087.085789,200,122.888831
-753.91615,200,122.977344
-791.450869,200,123.066131
-852.105971,200,123.156197
-1174.031797,200,123.247791
-1228.696917,200,123.337506
-914.905991,200,124.13327
-1032.991962,200,124.230266
-1154.656406,200,124.327699
-790.051957,200,124.426035
-875.974564,200,124.523355
-762.719574,200,124.619321
-1040.537263,200,124.715923
-767.580781,200,124.813169
-707.704498,200,124.909964
-1051.866041,200,125.007061
-863.547168,200,125.823
-1045.016524,200,125.923161
-1035.876573,200,126.026624
-1050.39231,200,126.126479
-893.987277,200,126.226699
-884.435969,200,126.326996
-884.606777,200,126.427339
-761.017074,200,126.527494
-1048.708428,200,126.627946
-786.860835,200,126.727931
-746.218776,200,127.521977
-921.648174,200,127.616389
-654.201448,200,127.712001
-861.72247,200,127.807096
-897.785894,200,127.900945
-938.633758,200,127.995997
-925.587246,200,128.091861
-884.587164,200,128.186657
-759.320118,200,128.280926
-789.316014,200,128.377984
-821.858996,200,128.474266
-887.600228,200,129.347126
-633.912276,200,129.445373
-886.604703,200,129.544334
-895.909879,200,129.642781
-757.328554,200,129.741094
-749.551522,200,129.839277
-774.664476,200,129.937961
-1087.941483,200,130.035086
-840.072092,200,130.133686
-1011.80736,200,130.233186
-931.16971,200,131.077213
-761.725733,200,131.176908
-509.761694,200,131.276873
-758.946451,200,131.375321
-761.576625,200,131.47347
-1008.501283,200,131.572666
-987.832866,200,131.672543
-757.275849,200,131.770926
-904.20124,200,131.869691
-631.341731,200,131.969053
-509.788069,200,132.810454
-752.595313,200,132.898758
-1031.848981,200,132.986126
-765.361109,200,133.073351
-1028.917103,200,133.160492
-764.658985,200,133.247116
-819.42309,200,133.333797
-808.898666,200,133.419885
-744.096584,200,133.50596
-906.217156,200,133.592498
-889.78444,200,134.363692
-635.322562,200,134.456622
-1218.517155,200,134.549725
-888.910736,200,134.642713
-650.51986,200,134.735148
-636.711239,200,134.824328
-662.559212,200,134.91333
-828.74317,200,135.002682
-910.290717,200,135.090353
-927.763467,200,135.178361
-898.811475,200,135.266541
-643.147104,200,136.014975
-903.663641,200,136.106624
-887.494899,200,136.196856
-1082.379642,200,136.28454
-759.886004,200,136.372638
-1039.316865,200,136.460739
-753.207291,200,136.556798
-765.047239,200,136.653296
-761.478332,200,136.745791
-1092.23115,200,136.834668
-651.160078,200,137.590963
-842.113451,200,137.68646
-1009.967057,200,137.776402
-741.732212,200,137.864482
-844.593154,200,137.952246
-772.178288,200,138.03995
-634.725348,200,138.127384
-788.235982,200,138.214195
-845.261721,200,138.301556
-788.255553,200,138.390073
-964.269817,200,139.140599
-763.611754,200,139.231185
-628.610059,200,139.32067
-681.94095,200,139.410395
-785.366728,200,139.500095
-759.348603,200,139.590006
-987.930409,200,139.679219
-836.621949,200,139.768066
-743.353283,200,139.856326
-895.338823,200,139.944646
-587.327444,200,140.695031
-558.479228,200,140.784889
-632.61526,200,140.87155
-848.316072,200,140.958878
-893.579468,200,141.045786
-599.469609,200,141.133296
-633.970948,200,141.220589
-916.209248,200,141.308504
-686.837392,200,141.396288
-636.499601,200,141.484482
-512.009721,200,141.574035
-881.087491,200,142.340197
-779.622221,200,142.429944
-889.779254,200,142.520691
-920.715651,200,142.615319
-676.960738,200,142.704025
-923.230639,200,142.793592
-639.816305,200,142.883927
-634.38229,200,142.973829
-928.907999,200,143.065083
-1242.009163,200,143.155151
-530.859837,200,143.957641
-800.788294,200,144.044092
-1064.891897,200,144.131271
-512.073772,200,144.218291
-761.850399,200,144.305614
-794.700682,200,144.39379
-779.008093,200,144.481339
-511.550788,200,144.569528
-634.44187,200,144.657405
-488.847115,200,144.745224
-774.432905,200,145.498055
-769.554888,200,145.590309
-906.267921,200,145.682586
-740.388032,200,145.774576
-1239.584227,200,145.867007
-661.3703,200,145.959766
-509.511769,200,146.050906
-789.755367,200,146.142233
-1438.996656,200,146.233485
-936.652636,200,146.325104
-726.862625,200,147.078566
-782.680867,200,147.165774
-1143.572027,200,147.252792
-505.236377,200,147.339465
-387.405125,200,147.425958
-256.954204,200,147.513045
-747.536284,200,147.59979
-1015.714294,200,147.686972
-509.750297,200,147.77457
-971.977261,200,147.862228
-754.735861,200,147.950597
-508.372027,200,148.716893
-666.266935,200,148.806525
-857.769729,200,148.895365
-642.928475,200,148.984364
-298.183705,200,149.073234
-491.400623,200,149.161597
-426.815824,200,149.250942
-505.528964,200,149.341538
-638.929681,200,149.431312
-607.785343,200,149.52104
-1183.102794,200,150.277679
-905.135837,200,150.366709
-787.314793,200,150.454948
-511.095337,200,150.544328
-688.136989,200,150.633482
-783.845267,200,150.722614
-1040.94866,200,150.811322
-514.51537,200,150.902984
-641.888115,200,150.991788
-646.602861,200,151.079723
-829.630989,200,151.82261
-995.129555,200,151.911301
-835.738314,200,151.999943
-967.170692,200,152.088962
-381.136585,200,152.177147
-796.687935,200,152.26546
-676.240734,200,152.353585
-819.510385,200,152.44236
-712.783968,200,152.530964
-409.654433,200,152.619517
-383.373846,200,153.38288
-394.676486,200,153.470876
-863.236139,200,153.559191
-967.245279,200,153.647508
-644.575865,200,153.73692
-787.381463,200,153.825646
-505.599616,200,153.914194
-511.059735,200,154.002435
-512.762569,200,154.092046
-384.887826,200,154.180214
-384.377993,200,154.267782
-381.651232,200,155.010818
-805.265023,200,155.100362
-667.438744,200,155.188631
-508.944142,200,155.276912
-658.928514,200,155.364949
-508.298292,200,155.452741
-129.666736,200,155.540647
-127.95518,200,155.628642
-398.178539,200,155.717056
-384.736532,200,155.805665
-652.905687,200,156.55217
-659.79937,200,156.641228
-821.537718,200,156.72927
-576.81605,200,156.817554
-258.684029,200,156.905702
-131.780131,200,156.993771
-133.845887,200,157.083399
-382.281675,200,157.176075
-777.998873,200,157.264994
-255.306871,200,157.353941
-2.583666,200,158.097863
-131.796296,200,158.186962
-395.978351,200,158.276198
-779.58612,200,158.365702
-967.886917,200,158.45463
-130.004174,200,158.544493
-576.991412,200,158.632926
-127.026913,200,158.721158
-256.711312,200,158.809891
-835.844666,200,158.897897
-637.88016,200,159.649394
-2.046482,200,159.738267
-128.139675,200,159.827495
-1.332753,200,159.915357
-267.4541,200,160.00342
-127.860037,200,160.091537
-270.241831,200,160.17951
-131.92382,200,160.268409
-695.782079,200,160.357707
-254.225288,200,160.446454
-248.436226,200,160.535989
-126.904442,200,161.277154
-401.625955,200,161.3668
-564.253153,200,161.45576
-257.011902,200,161.544775
-130.687279,200,161.633584
-575.299566,200,161.722694
-639.438068,200,161.811836
-708.418902,200,161.900214
-2.142453,200,161.988695
-737.362625,200,162.076849
-128.392668,200,162.841952
-395.87226,200,162.931801
-939.28583,200,163.0189
-256.252376,200,163.105608
-382.055082,200,163.192919
-258.757803,200,163.281008
-131.904389,200,163.36944
-0.940826,200,163.457077
-127.391713,200,163.544627
-700.476934,200,163.632138
-1.922072,200,164.368288
-129.188487,200,164.456826
-531.700503,200,164.544926
-134.10428,200,164.633369
-257.085204,200,164.721422
-382.672889,200,164.809553
-1073.057302,200,164.897296
-130.425279,200,164.988308
-128.629167,200,165.075537
-512.005666,200,165.162552
-261.789871,200,165.904227
-131.910917,200,165.993205
-642.166269,200,166.082383
-689.623065,200,166.171366
-526.342059,200,166.261006
-703.85223,200,166.351067
-405.913088,200,166.440584
-579.477459,200,166.530344
-1.901934,200,166.620152
-697.540016,200,166.709768
-709.515416,200,167.45099
-953.419997,200,167.540356
-127.7504,200,167.629705
-383.918857,200,167.719143
-714.450485,200,167.808683
-410.351215,200,167.896694
-380.369418,200,167.985704
-385.949429,200,168.074743
-397.593897,200,168.163211
-3.342975,200,168.252505
-128.436676,200,168.341899
-129.792246,200,169.090792
-392.372922,200,169.180306
-395.137629,200,169.269831
-529.825063,200,169.359066
-565.964572,200,169.448713
-133.186525,200,169.537672
-127.795748,200,169.626364
-257.166159,200,169.715036
-841.649734,200,169.804057
-392.31117,200,169.894026
-131.595313,200,170.655418
-1.972233,200,170.743485
-422.056891,200,170.83122
-578.037889,200,170.918285
-765.965004,200,171.00873
-398.061678,200,171.095521
-1052.237995,200,171.182665
-128.591174,200,171.269925
-134.486299,200,171.357778
-129.795238,200,171.44535
-2.353158,200,172.216724
-391.928183,200,172.303785
-563.372201,200,172.391106
-256.658535,200,172.478523
-912.359138,200,172.5675
-606.361398,200,172.655772
-2.167853,200,172.744098
-907.662554,200,172.831364
-4.637037,200,172.918917
-254.444051,200,173.010353
-125.603028,200,173.746245
-1.168303,200,173.833454
-387.119831,200,173.920009
-425.568562,200,174.006901
-672.582953,200,174.093781
-2.95576,200,174.180964
-252.779623,200,174.268363
-3.099045,200,174.355942
-128.233754,200,174.443282
-416.885686,200,174.531088
-258.453801,200,174.619066
-264.312681,200,175.365394
-605.757355,200,175.454074
-268.555888,200,175.543047
-129.109519,200,175.633311
-703.801622,200,175.722232
-1.986532,200,175.810253
-1.352008,200,175.897796
-124.540793,200,175.985666
-274.373688,200,176.073728
-4.300213,200,176.161499
-131.702259,200,176.901294
-406.336498,200,176.991384
-404.037586,200,177.080765
-418.186249,200,177.170943
-125.921268,200,177.262015
-259.056815,200,177.352501
-510.097005,200,177.44137
-0.746697,200,177.532638
-132.129361,200,177.623108
-555.615014,200,177.711804
-129.409647,200,178.466668
-3.434175,200,178.5556
-264.567867,200,178.644381
-392.537727,200,178.732732
-1.726983,200,178.82182
-378.534851,200,178.90972
-2.54848,200,178.997776
-2.771913,200,179.085619
-393.646292,200,179.173305
-1052.269918,200,179.262179
-130.976525,200,180.00728
-2.93594,200,180.095372
-508.424444,200,180.183647
-521.484782,200,180.272882
-126.188396,200,180.361666
-929.603507,200,180.450454
-281.746807,200,180.539808
-124.229562,200,180.629005
-260.106483,200,180.717749
-2.827607,200,180.806554
-258.778467,200,180.894863
-378.414365,200,181.645941
-130.323828,200,181.736668
-127.554409,200,181.82585
-263.445254,200,181.915079
-405.206708,200,182.005015
-423.174469,200,182.093812
-987.992727,200,182.183146
-134.080947,200,182.273427
-127.623593,200,182.362907
-461.337559,200,182.454519
-255.829672,200,183.201058
-948.467089,200,183.290531
-246.977651,200,183.380478
-834.467182,200,183.470214
-258.263491,200,183.559368
-129.920287,200,183.648822
-696.304143,200,183.737785
-127.122352,200,183.827271
-253.849479,200,183.915645
-641.327582,200,184.004013
-126.709404,200,184.740702
-130.993941,200,184.828483
-129.278478,200,184.915572
-1.50224,200,185.002804
-265.396435,200,185.089646
-2.017315,200,185.179834
-263.931707,200,185.266176
-283.258553,200,185.352461
-262.733024,200,185.438805
-897.154535,200,185.525194
-629.3047,200,186.273388
-653.321587,200,186.36078
-267.33453,200,186.448179
-130.897758,200,186.535676
-386.072238,200,186.624438
-133.063232,200,186.712548
-1.731343,200,186.800895
-260.678527,200,186.889861
-265.278826,200,186.978486
-126.219267,200,187.067551
-120.729513,200,187.160098
-127.288546,200,187.912615
-379.914985,200,188.000696
-256.578097,200,188.093303
-720.142557,200,188.181992
-126.650321,200,188.270768
-2.807364,200,188.359046
-469.133765,200,188.447803
-122.860462,200,188.536216
-249.409976,200,188.624569
-126.915161,200,188.712157
-270.818371,200,189.466195
-262.912576,200,189.554372
-260.441822,200,189.641411
-404.998607,200,189.7284
-255.537963,200,189.815408
-3.683816,200,189.903299
-123.528538,200,189.990069
-263.518283,200,190.077112
-262.981172,200,190.164528
-261.018939,200,190.251652
-382.91896,200,191.008822
-128.155178,200,191.098037
-128.029641,200,191.187042
-390.361839,200,191.275719
-259.973909,200,191.373383
-125.622794,200,191.470601
-125.73292,200,191.562625
-522.405873,200,191.651856
-127.756571,200,191.74121
-263.140376,200,191.83075
-128.14526,200,192.621102
-128.060773,200,192.708633
-258.528518,200,192.795894
-531.216695,200,192.883323
-124.968091,200,192.97128
-260.259558,200,193.057648
-277.003578,200,193.144105
-413.165966,200,193.234382
-2.050769,200,193.320436
-264.870624,200,193.406794
-271.741782,200,193.494805
-261.037941,200,194.239076
-124.57754,200,194.328172
-909.582264,200,194.417951
-128.631844,200,194.508348
-126.944228,200,194.598318
-130.256432,200,194.6889
-128.031718,200,194.778927
-128.995328,200,194.86936
-125.959858,200,194.959289
-381.172951,200,195.049013
-123.251699,200,195.790617
-125.973956,200,195.878077
-128.578781,200,195.965189
-0.852758,200,196.052842
-130.724722,200,196.139326
-424.996827,200,196.225981
-275.846431,200,196.312709
-392.882942,200,196.399303
-265.842218,200,196.487133
-123.347599,200,196.57562
-131.248292,200,197.319599
-395.587993,200,197.410488
-2.117154,200,197.500574
-0.552609,200,197.590444
-295.600117,200,197.680327
-380.821117,200,197.770166
-409.095956,200,197.860282
-4.548874,200,197.950167
-510.03017,200,198.040036
-415.192447,200,198.128847
-128.415066,200,198.869624
-126.209225,200,198.957419
-126.908918,200,199.044649
-130.12669,200,199.132914
-130.106062,200,199.22355
-1.310692,200,199.310782
-305.004132,200,199.397581
-123.982376,200,199.485567
-134.370987,200,199.573659
-129.478432,200,199.661657
-260.337581,200,199.749171
-265.897826,200,200.507102
-128.807125,200,200.595794
-537.589788,200,200.684644
-271.777628,200,200.77289
-127.21744,200,200.862344
-1.621307,200,200.951709
-389.71026,200,201.040913
-128.381971,200,201.130133
-397.64811,200,201.220087
-258.982289,200,201.312757
-129.770413,200,202.047832
-405.520935,200,202.13692
-132.421964,200,202.225823
-125.999562,200,202.315464
-1.46587,200,202.404534
-426.841682,200,202.492635
-378.348233,200,202.580957
-126.131761,200,202.669098
-1.768615,200,202.757051
-130.271801,200,202.845953
-129.135978,200,203.607084
-0.866809,200,203.694749
-130.840782,200,203.781808
-124.291622,200,203.868631
-382.065507,200,203.956349
-125.165496,200,204.042939
-302.421433,200,204.129687
-252.833068,200,204.216037
-371.718584,200,204.303305
-309.940264,200,204.391377
-263.384892,200,205.13299
-257.2916,200,205.22081
-126.139994,200,205.311994
-257.757734,200,205.399599
-264.089049,200,205.487137
-263.384719,200,205.573824
-125.419706,200,205.661815
-126.82085,200,205.749352
-284.399087,200,205.836998
-382.499605,200,205.923898
-128.137367,200,206.662864
-263.139396,200,206.750598
-376.231834,200,206.838423
-249.874449,200,206.92609
-129.159939,200,207.01367
-128.986352,200,207.100623
-127.030577,200,207.187542
-393.398299,200,207.277782
-254.272193,200,207.365911
-0.893564,200,207.453357
-121.512255,200,207.542884
-385.939298,200,208.281879
-432.98122,200,208.371341
-131.420322,200,208.460789
-387.731443,200,208.550562
-260.331938,200,208.639769
-256.389866,200,208.728883
-131.600881,200,208.817971
-250.4464,200,208.906835
-250.868454,200,208.994952
-290.285904,200,209.083367
-444.880642,200,209.827848
-125.114416,200,209.917566
-264.191788,200,210.007549
-260.448764,200,210.096945
-287.403758,200,210.185869
-134.66914,200,210.275422
-251.225277,200,210.364695
-126.643783,200,210.454914
-126.410877,200,210.544742
-125.48933,200,210.634576
-1.142906,200,211.390877
-1210.968979,200,211.479339
-130.168943,200,211.567053
-128.944015,200,211.654464
-401.730027,200,211.741994
-121.72892,200,211.829468
-125.228796,200,211.917099
-1157.595652,200,212.004407
-0.730525,200,212.091613
-278.621635,200,212.179658
-0.760835,200,212.915839
-130.611046,200,213.005137
-1186.450838,200,213.094702
-130.080805,200,213.184043
-123.371852,200,213.272914
-127.066485,200,213.361748
-1175.010604,200,213.450272
-1053.592228,200,213.538867
-121.989816,200,213.627858
-126.347002,200,213.71761
-128.67428,200,213.807197
-403.085872,200,214.542543
-339.057271,200,214.62972
-1075.458809,200,214.729938
-247.881796,200,214.819035
-123.895391,200,214.907874
-126.646714,200,214.998144
-262.599325,200,215.087219
-262.417242,200,215.177371
-125.046647,200,215.265542
-271.101328,200,215.358154
-257.625533,200,216.117706
-135.800541,200,216.208116
-131.250984,200,216.30004
-260.495385,200,216.392781
-255.828658,200,216.483527
-1.129462,200,216.573493
-257.712789,200,216.663937
-290.097137,200,216.755831
-262.446728,200,216.84575
-129.98518,200,216.935028
-127.255209,200,217.753021
-0.515919,200,217.846013
-125.055758,200,217.937565
-1039.95223,200,218.027479
-123.651462,200,218.116287
-1150.670278,200,218.205762
-1.041311,200,218.295992
-125.731847,200,218.386079
-131.140613,200,218.48045
-1.063391,200,218.570728
-127.070546,200,219.321699
-1113.032088,200,219.413645
-126.260379,200,219.502275
-132.351464,200,219.590339
-134.684631,200,219.678076
-127.367271,200,219.7664
-261.21214,200,219.854108
-253.278921,200,219.941625
-1071.284188,200,220.029143
-927.856684,200,220.1166
-375.44106,200,220.204244
-2.239254,200,220.942909
-305.095898,200,221.031891
-129.575537,200,221.121662
-259.701945,200,221.211037
-1070.333992,200,221.301112
-263.052863,200,221.391114
-377.461955,200,221.486037
-378.055437,200,221.575658
-0.642276,200,221.665628
-376.317257,200,221.75506
-399.521324,200,222.509057
-405.422427,200,222.597819
-1038.82837,200,222.687512
-126.09524,200,222.776963
-385.566777,200,222.865803
-1.641698,200,222.954774
-381.310603,200,223.042672
-389.198518,200,223.130905
-420.605329,200,223.219814
-249.383084,200,223.308826
-334.248154,200,224.060128
-257.346116,200,224.146854
-466.578864,200,224.233699
-409.609616,200,224.321484
-254.072936,200,224.408963
-135.036023,200,224.497077
-261.309712,200,224.585719
-129.636741,200,224.674238
-246.885165,200,224.763808
-259.760432,200,224.852167
-127.246276,200,225.610255
-259.904331,200,225.701209
-337.705915,200,225.793301
-381.658052,200,225.881018
-1164.787788,200,225.968605
-127.334861,200,226.056348
-130.101053,200,226.145077
-259.392502,200,226.232363
-122.646712,200,226.319087
-130.999201,200,226.405982
-131.509022,200,226.492476
-385.971564,200,227.249542
-127.783249,200,227.335737
-379.270628,200,227.42309
-123.843879,200,227.513232
-130.453788,200,227.599991
-130.863306,200,227.687443
-251.249399,200,227.774563
-131.091265,200,227.862822
-290.725966,200,227.951077
-385.243196,200,228.039661
-266.555588,200,228.781645
-1.221892,200,228.871809
-125.832116,200,228.962265
-650.097092,200,229.052302
-254.67281,200,229.142588
-388.219391,200,229.232447
-652.084141,200,229.322037
-127.628574,200,229.411621
-443.872167,200,229.501295
-125.603209,200,229.590846
-422.554134,200,230.360005
-478.648103,200,230.459219
-256.674603,200,230.547808
-299.616986,200,230.637109
-130.276145,200,230.72644
-260.863206,200,230.81601
-253.913364,200,230.905339
-261.956725,200,230.995131
-266.203798,200,231.084569
-125.993253,200,231.174417
-0.792073,200,231.930378
-452.088178,200,232.017059
-124.899191,200,232.104445
-274.331259,200,232.19164
-433.742011,200,232.279362
-127.692805,200,232.365317
-129.000573,200,232.453081
-256.357774,200,232.54016
-1.398133,200,232.628173
-127.802098,200,232.715933
-127.821944,200,232.804144
-134.033057,200,233.546797
-282.773522,200,233.634772
-290.34198,200,233.722537
-121.011194,200,233.811034
-255.297024,200,233.899011
-346.082032,200,233.987162
-264.585935,200,234.075048
-418.575122,200,234.162918
-248.474679,200,234.249945
-126.893173,200,234.33729
-129.393432,200,235.105864
-127.889054,200,235.193493
-258.690584,200,235.279904
-129.035909,200,235.367164
-125.921994,200,235.453655
-353.468836,200,235.543974
-126.368013,200,235.63147
-129.680666,200,235.719247
-127.250307,200,235.806637
-250.89367,200,235.893698
-389.704295,200,236.633973
-254.014424,200,236.723141
-123.574933,200,236.812129
-244.861346,200,236.901217
-126.630664,200,236.9904
-1085.307082,200,237.079488
-411.420188,200,237.168918
-1200.821557,200,237.257137
-243.331049,200,237.346007
-129.980767,200,237.434381
-247.625652,200,238.175464
-0.708069,200,238.263963
-769.276545,200,238.352405
-260.046741,200,238.440753
-126.654366,200,238.528808
-1.266024,200,238.617574
-466.717815,200,238.706285
-336.962798,200,238.794916
-261.341251,200,238.883427
-286.002021,200,238.972511
-0.980263,200,239.060909
-132.137053,200,239.825585
-121.451497,200,239.913423
-444.677882,200,240.001276
-260.023302,200,240.089613
-250.485601,200,240.177293
-272.343478,200,240.266658
-123.548785,200,240.355122
-1.843143,200,240.445104
-131.704894,200,240.533527
-374.674406,200,240.622181
-276.607867,200,241.382559
-897.486933,200,241.470845
-363.229662,200,241.559276
-441.398854,200,241.648574
-269.367513,200,241.737575
-128.134373,200,241.826382
-3.428378,200,241.915756
-398.396005,200,242.005092
-258.598999,200,242.094102
-132.852043,200,242.183419
-134.226512,200,242.925577
-264.108966,200,243.013787
-128.136649,200,243.105583
-392.660991,200,243.19842
-130.276424,200,243.28874
-291.191772,200,243.376131
-428.63782,200,243.46336
-126.635612,200,243.551106
-252.210575,200,243.647966
-124.936543,200,243.736787
-382.395388,200,244.535171
-265.900102,200,244.624208
-0.502696,200,244.718022
-128.845883,200,244.810977
-128.290354,200,244.904551
-129.09225,200,244.9942
-126.83899,200,245.084588
-135.296241,200,245.173906
-259.802264,200,245.263337
-124.549947,200,245.355393
-391.441042,200,246.145472
-271.280247,200,246.242767
-276.167547,200,246.340796
-128.113877,200,246.438364
-127.056181,200,246.536042
-271.485518,200,246.633458
-0.976039,200,246.731073
-126.047856,200,246.826815
-128.390346,200,246.92364
-127.087075,200,247.021056
-136.889182,200,247.118204
-128.121683,200,247.883365
-121.513646,200,247.973363
-131.638116,200,248.062065
-260.462394,200,248.153089
-685.839369,200,248.242052
-243.298092,200,248.332685
-1.279888,200,248.424166
-247.938309,200,248.51435
-923.261082,200,248.604276
-250.363028,200,248.693702
-128.205454,200,249.440632
-121.131591,200,249.527774
-130.339739,200,249.617806
-129.173941,200,249.710476
-427.45008,200,249.799199
-129.964386,200,249.887456
-252.652384,200,249.975371
-266.283934,200,250.062687
-128.098185,200,250.150152
-132.096957,200,250.237447
-124.861122,200,250.981781
-354.873961,200,251.069507
-127.959013,200,251.156833
-270.924303,200,251.244473
-0.891312,200,251.332342
-271.913448,200,251.422367
-126.081141,200,251.510692
-249.966906,200,251.598706
-128.076477,200,251.690125
-260.547874,200,251.778467
-366.59711,200,252.533539
-740.667017,200,252.62258
-0.703941,200,252.711245
-128.83385,200,252.79972
-1.002476,200,252.888165
-255.557354,200,252.976618
-126.379642,200,253.066008
-255.403693,200,253.155355
-0.373242,200,253.244278
-1038.070513,200,253.333735
-129.577494,200,253.422757
-129.325304,200,254.203791
-129.734531,200,254.293408
-120.562202,200,254.383003
-244.550532,200,254.471944
-126.866787,200,254.561454
-125.813146,200,254.650183
-821.957513,200,254.739014
-126.285667,200,254.827828
-283.925251,200,254.916626
-426.294643,200,255.006418
-249.473809,200,255.757312
-441.632491,200,255.846551
-127.868209,200,255.93624
-274.82494,200,256.025962
-337.529861,200,256.115665
-260.43878,200,256.205154
-1.336332,200,256.294917
-130.677773,200,256.385007
-256.102676,200,256.475591
-125.311842,200,256.569818
-128.536209,200,257.361887
-136.144412,200,257.452331
-124.746762,200,257.543767
-255.107051,200,257.638486
-294.853859,200,257.73596
-382.4079,200,257.828912
-251.229378,200,257.918339
-124.206412,200,258.007586
-131.015484,200,258.096822
-375.461473,200,258.185852
-3.188163,200,258.932165
-130.187637,200,259.026117
-257.041543,200,259.125448
-126.835333,200,259.224274
-1091.873762,200,259.319292
-130.606399,200,259.419484
-379.68107,200,259.521192
-278.798586,200,259.620984
-2.095767,200,259.71775
-129.705207,200,259.815395
-288.617615,200,259.911534
-127.306984,200,260.674891
-123.036397,200,260.764718
-122.94142,200,260.853412
-269.185931,200,260.94686
-125.87032,200,261.043263
-130.23135,200,261.134351
-245.832324,200,261.224336
-276.613263,200,261.315583
-126.081363,200,261.406683
-119.679198,200,261.498395
-126.865667,200,262.265365
-269.83441,200,262.352544
-1.781252,200,262.439627
-369.755652,200,262.527051
-257.409236,200,262.614928
-127.421302,200,262.70217
-0.81427,200,262.788885
-252.357725,200,262.8756
-3.401133,200,262.962268
-248.236971,200,263.048553
-131.595839,200,263.795136
-125.793843,200,263.884109
-125.113177,200,263.972507
-439.064952,200,264.062932
-243.994896,200,264.155013
-419.347465,200,264.2521
-257.605962,200,264.347674
-404.007988,200,264.441372
-126.207285,200,264.538545
-262.679741,200,264.633381
-126.952752,200,265.448171
-125.849921,200,265.539247
-250.03889,200,265.628905
-124.984178,200,265.718486
-126.210465,200,265.808164
-1.185849,200,265.89805
-128.478747,200,265.987773
-129.744469,200,266.076485
-981.9005,200,266.165196
-129.707915,200,266.253923
-128.167689,200,266.34309
-249.857771,200,267.124727
-250.944053,200,267.215583
-2.468285,200,267.304151
-127.476641,200,267.40451
-0.728292,200,267.502696
-120.995808,200,267.601332
-293.481629,200,267.699677
-124.983424,200,267.792811
-124.85813,200,267.883159
-2.832099,200,267.974625
-128.233651,200,268.74523
-131.865791,200,268.835185
-126.221153,200,268.924453
-128.198877,200,269.014156
-128.062917,200,269.103423
-287.432477,200,269.192471
-435.966823,200,269.28094
-257.866359,200,269.370138
-129.730946,200,269.458533
-127.096297,200,269.547485
-258.828044,200,270.308816
-360.685938,200,270.397369
-254.647545,200,270.486207
-1.019327,200,270.575051
-127.703979,200,270.666031
-132.03336,200,270.761718
-128.397102,200,270.85538
-255.750095,200,270.943235
-126.221375,200,271.032012
-255.08755,200,271.12103
-129.26285,200,271.859862
-130.181567,200,271.948512
-441.596317,200,272.038136
-262.198526,200,272.127711
-125.198445,200,272.217143
-130.691032,200,272.30675
-258.928103,200,272.403259
-262.74944,200,272.492339
-131.003593,200,272.581466
-128.376558,200,272.669831
-264.50961,200,272.758442
-311.319421,200,273.501424
-1.844117,200,273.58916
-126.947218,200,273.676181
-255.433972,200,273.76313
-253.723339,200,273.853456
-121.700621,200,273.94136
-131.66534,200,274.028972
-0.981721,200,274.116431
-129.962195,200,274.203995
-276.187642,200,274.291175
-1047.358844,200,275.040439
-254.35709,200,275.129508
-241.518247,200,275.218835
-250.214266,200,275.30804
-252.031874,200,275.400035
-129.030802,200,275.497116
-126.804821,200,275.592971
-127.948848,200,275.682046
-255.219072,200,275.77118
-854.80306,200,275.860526
-0.976477,200,276.620483
-340.294282,200,276.710093
-344.939793,200,276.799527
-127.883751,200,276.889257
-124.581935,200,276.978559
-262.526611,200,277.067315
-254.740437,200,277.155535
-131.36535,200,277.24403
-127.343371,200,277.332522
-261.46268,200,277.42208
-254.512563,200,278.178602
-0.593345,200,278.266128
-377.073509,200,278.353215
-246.483282,200,278.439848
-131.362722,200,278.526568
-265.671753,200,278.618402
-370.245918,200,278.711957
-3.866726,200,278.807444
-128.955466,200,278.90165
-423.956947,200,278.990798
-129.16799,200,279.07928
-1209.119505,200,279.815739
-130.816661,200,279.907194
-268.649856,200,279.998902
-2.339584,200,280.087483
-132.510973,200,280.175362
-1141.819472,200,280.262919
-1194.008822,200,280.351261
-128.505445,200,280.440108
-131.219403,200,280.534856
-1177.900251,200,280.623619
-127.005628,200,281.368562
-1065.757649,200,281.45614
-126.856613,200,281.545133
-387.861423,200,281.633696
-258.158517,200,281.722204
-128.716712,200,281.813853
-0.555012,200,281.90809
-1055.588397,200,281.99911
-1.086747,200,282.091148
-130.024715,200,282.191754
-253.341002,200,282.962949
-1180.252778,200,283.051077
-286.387795,200,283.139006
-269.44146,200,283.226588
-1.793412,200,283.313641
-129.4464,200,283.401143
-371.554752,200,283.488368
-1.364406,200,283.575367
-127.792531,200,283.663309
-0.349781,200,283.751075
-1071.082778,200,284.498769
-387.593486,200,284.588854
-127.311714,200,284.680352
-254.793639,200,284.780259
-384.992862,200,284.879296
-1031.205676,200,284.97732
-131.656877,200,285.067288
-123.891464,200,285.156755
-121.765126,200,285.246454
-129.359742,200,285.336467
-1.086547,200,286.083242
-243.066445,200,286.171779
-246.734086,200,286.259162
-1055.811084,200,286.346571
-127.927652,200,286.436481
-125.813134,200,286.529708
-126.499756,200,286.620776
-136.597248,200,286.70765
-132.75541,200,286.796154
-129.394728,200,286.885715
-245.576879,200,286.975172
-930.499626,200,287.736855
-130.001881,200,287.826858
-257.683416,200,287.917073
-129.993073,200,288.006731
-122.856821,200,288.096262
-249.888781,200,288.185347
-251.321492,200,288.274302
-3.682043,200,288.363437
-122.144827,200,288.453893
-130.547194,200,288.544012
-252.985349,200,289.294944
-129.170609,200,289.387078
-127.83004,200,289.474233
-122.411189,200,289.561539
-127.983845,200,289.649728
-128.201664,200,289.737773
-127.95015,200,289.826114
-260.081767,200,289.914393
-125.485533,200,290.005715
-1.446927,200,290.093284
-130.385484,200,290.850329
-128.36416,200,290.939832
-130.655864,200,291.028905
-397.321111,200,291.117749
-126.700866,200,291.206746
-278.582507,200,291.295711
-252.168091,200,291.385486
-127.352619,200,291.478653
-380.655857,200,291.577526
-128.562324,200,291.676625
-129.017193,200,292.436865
-0.307035,200,292.526053
-0.416223,200,292.615971
-262.921358,200,292.705767
-254.466018,200,292.79575
-382.066289,200,292.885493
-130.956489,200,292.975177
-250.645149,200,293.06519
-262.609792,200,293.155246
-379.251511,200,293.244422
-125.104628,200,293.3338
-0.661497,200,294.092427
-123.675243,200,294.179617
-263.255622,200,294.26698
-1.320659,200,294.354558
-398.810937,200,294.442379
-132.964085,200,294.530591
-381.83179,200,294.619494
-428.709877,200,294.708424
-256.237079,200,294.79779
-128.561643,200,294.890014
-430.150765,200,295.63642
-375.901135,200,295.723404
-321.692054,200,295.810516
-130.549817,200,295.897614
-256.873193,200,295.988423
-128.932815,200,296.075472
-270.657722,200,296.162495
-263.073178,200,296.249512
-257.816373,200,296.336488
-128.90865,200,296.425229
-2.022835,200,297.168877
-127.531089,200,297.257969
-266.885236,200,297.347128
-126.787823,200,297.436305
-128.444794,200,297.525365
-132.071159,200,297.615204
-129.036055,200,297.704718
-130.494386,200,297.794221
-124.187474,200,297.883974
-128.809212,200,297.973924
-312.551782,200,298.72402
-2.099293,200,298.814546
-776.645869,200,298.904516
-952.135173,200,298.994066
-128.761942,200,299.084251
-251.021147,200,299.173937
-257.457029,200,299.262428
-449.849123,200,299.351583
-1019.967273,200,299.440676
-0.790329,200,299.52911
-1045.131197,200,299.618892
-247.476564,200,300.363522
-128.731416,200,300.451677
-264.492928,200,300.540453
-132.696621,200,300.630316
-130.114417,200,300.719769
-128.494867,200,300.808895
-1.183304,200,300.898442
-126.947781,200,300.987504
-258.718054,200,301.076794
-251.283121,200,301.16623
-512.81047,200,301.914253
-126.091439,200,302.003355
-0.966678,200,302.092152
-405.021751,200,302.180988
-400.820291,200,302.269333
-130.040697,200,302.357859
-129.754156,200,302.446192
-126.63954,200,302.534403
-0.72829,200,302.623411
-130.988037,200,302.711993
-127.46097,200,303.464922
-128.308145,200,303.552235
-434.978849,200,303.640618
-254.31444,200,303.728473
-132.174183,200,303.816312
-131.044386,200,303.904114
-1.05687,200,303.991927
-263.54996,200,304.082885
-303.246255,200,304.170266
-126.972839,200,304.257691
-259.227966,200,305.013968
-126.611994,200,305.101414
-463.335393,200,305.188261
-126.174728,200,305.275031
-292.239461,200,305.361802
-129.66422,200,305.448486
-260.607373,200,305.535035
-131.758759,200,305.622875
-253.00169,200,305.709894
-264.962979,200,305.797093
-1.329923,200,305.886414
-806.599684,200,306.64124
-653.942515,200,306.731128
-129.277519,200,306.821013
-247.985387,200,306.910868
-132.548327,200,307.000773
-261.492719,200,307.090659
-376.39516,200,307.180792
-126.379541,200,307.270137
-379.45396,200,307.359133
-258.435192,200,307.448492
-127.626107,200,308.20101
-1.395438,200,308.28994
-129.299608,200,308.378661
-125.344068,200,308.46757
-128.928153,200,308.556451
-1.050654,200,308.646616
-3.045051,200,308.736364
-251.501012,200,308.826281
-126.555283,200,308.915966
-1.047895,200,309.005423
-263.621938,200,309.768799
-130.731892,200,309.85882
-655.845749,200,309.948618
-134.163381,200,310.038338
-377.958017,200,310.127704
-126.073671,200,310.216853
-2.161725,200,310.305609
-252.281239,200,310.394733
-128.59987,200,310.483488
-0.686827,200,310.572963
-131.333586,200,311.331731
-124.359177,200,311.420174
-0.380239,200,311.508405
-124.301323,200,311.597492
-784.072116,200,311.69054
-124.951538,200,311.779451
-128.534924,200,311.868502
-262.090688,200,311.957327
-376.779149,200,312.045948
-125.444288,200,312.134856
-129.461775,200,312.223445
